{"1": {"euclidean": {"test_acc": 0.8848523475674527}, "manhattan": {"test_acc": 0.8742298704057786}, "minkowski": {"test_acc": 0.8744423199490121}}, "3": {"euclidean": {"test_acc": 0.9080093477799023}, "manhattan": {"test_acc": 0.8984491183343956}, "minkowski": {"test_acc": 0.9005736137667304}}, "5": {"euclidean": {"test_acc": 0.9148077331633737}, "manhattan": {"test_acc": 0.9143828340769067}, "minkowski": {"test_acc": 0.9080093477799023}}, "7": {"euclidean": {"test_acc": 0.9188442744848099}, "manhattan": {"test_acc": 0.9196940726577438}, "minkowski": {"test_acc": 0.9247928616953474}}, "9": {"euclidean": {"test_acc": 0.9269173571276822}, "manhattan": {"test_acc": 0.9262800084979818}, "minkowski": {"test_acc": 0.9245804121521138}}, "11": {"euclidean": {"test_acc": 0.9301041002761844}, "manhattan": {"test_acc": 0.9277671553006162}, "minkowski": {"test_acc": 0.9332908434246866}}, "9413": {"euclidean": {"test_acc": 0.9810919906522201}, "manhattan": {"test_acc": 0.9541108986615678}, "minkowski": {"test_acc": 0.9490121096239643}}, "18827": {"euclidean": {"test_acc": 0.4969194816231145}, "manhattan": {"test_acc": 0.4969194816231145}, "minkowski": {"test_acc": 0.4969194816231145}}}