{"1": {"euclidean": {"test_acc": 0.5024431697471851}, "manhattan": {"test_acc": 0.5005311238580837}, "minkowski": {"test_acc": 0.5052050138092203}}, "3": {"euclidean": {"test_acc": 0.4937327384746123}, "manhattan": {"test_acc": 0.5022307202039515}, "minkowski": {"test_acc": 0.49861907796898236}}, "5": {"euclidean": {"test_acc": 0.491395793499044}, "manhattan": {"test_acc": 0.49543233482048016}, "minkowski": {"test_acc": 0.4937327384746123}}, "7": {"euclidean": {"test_acc": 0.49394518801784576}, "manhattan": {"test_acc": 0.4809857658806034}, "minkowski": {"test_acc": 0.4922455916719779}}, "9": {"euclidean": {"test_acc": 0.4884214998937752}, "manhattan": {"test_acc": 0.4918206925855109}, "minkowski": {"test_acc": 0.5049925642659868}}, "11": {"euclidean": {"test_acc": 0.4933078393881453}, "manhattan": {"test_acc": 0.49012109623964306}, "minkowski": {"test_acc": 0.5094540046738899}}, "9413": {"euclidean": {"test_acc": 0.5003186743148502}, "manhattan": {"test_acc": 0.508179307414489}, "minkowski": {"test_acc": 0.49904397705544934}}, "18827": {"euclidean": {"test_acc": 0.4969194816231145}, "manhattan": {"test_acc": 0.4969194816231145}, "minkowski": {"test_acc": 0.4969194816231145}}}